"id","nhom","truyen","cau","ghi_chu","nguoi"
"s000136","lv1-01","▸ MỞ ĐẦU","Và vì thế mà Những tấm lòng cao cả không phải chỉ là một cuốn sách riêng dành cho thiếu nhi, mà lại còn là một cuốn sách viết cho cô giáo, thầy giáo cho bố mẹ học sinh và cho những người lớn trong xã hội nữa.","bị ngắt ở Những tấm lòng cao /(ngắt hơi)/ cả không phải chỉ là...","dương"
"s000148","lv1-01","▸ MỞ ĐẦU","Con còn phải giúp đỡ bố mẹ nữa: Giulio bốn tháng trời thức thâu đêm viết thuê giúp bố, nhưng giấu bố, dù phải cay đắng chịu đựng những lời trách cứ bất công vì hiểu lầm của bố.","ngắt sau chữ thâu, đêm","dương"
"s000166","lv1-01","▸ MỞ ĐẦU","Thấy một gánh xiếc, đàn bà trẻ con lao động nghệ thuật vất vả gian khổ, nguy hiểm, ông Bottini viết báo ca tụng cậu bé làm xiếc, khiến người xem nô nức kéo đến chật rạp, giúp cho gánh xiếc.","lặp lại cuối câu 2 lần: khiến người xem nô nức kéo đến ... tới cuối","dương"
"s000192","lv1-01","▸ MỞ ĐẦU","Tháng sáu trẻ ngồi học mà như sắp lên cơn điên, bà Bottini nhắc con là có những trẻ phải làm lụng ngoài đồng dưới mặt trời đổ lửa, hay bên bờ sông cuội sỏi cháy bỏng, hay trong xưởng thủy tinh mặt lúc nào cũng cúi sát lò lửa, phải bắt đầu ngày lao động rất sớm, và chẳng bao giờ được nghỉ lễ, nghỉ hè.","phải là: tháng sáu, trẻ ngồi học chứ ko phải tháng sáu trẻ, ngồi học mà. hay bên bờ sông cuội sỏi cháy bỏng chứ không tách cuội, sỏi cháy bỏng","dương"
"s000196","lv1-01","▸ MỞ ĐẦU","Tất nhiên đó là những chỗ yếu rõ ràng của cuốn sách, nhưng thời gian - người đánh giá công bằng và đúng đắn nhất - đã công nhận Những tấm lòng cao cả là tác phẩm có giá trị, không những về nội dung mà cả về văn chương nữa.","ngắt sai: Những tấm lòng cao, cả","dương"
"s000202","lv1-01","▸ MỞ ĐẦU","“Rạng đông vừa hừng sáng” và “chiếc tàu đã biến mất rồi”, chỉ đơn giản thế thôi, nhưng dù kết cục của truyện người đọc đã đoán biết trước rồi, đọc đến những câu cuối như thế ít ai có thể để lòng dửng dưng, và không ít người tuy đã học đi học lại nhiều lần vẫn khó mà cầm được nước mắt.","ngắt câu sai: học đi học, laị","dương"
"s000204","lv1-01","▸ MỞ ĐẦU","Nhiều đoạn trong Những tấm lòng cao cả đã làm người đọc xúc động như thế, lại có những đoạn rất thuyết phục vì lời văn hùng hồn, nhất là những bức thư bố mẹ viết cho con; mà nhiều bức đã được trích vào sách giáo khoa ở nhiều nước, nổi tiếng hơn cả là bức thư về Trường học.","ngắt sai: nổi tiếng hơn, cả","dương"
"s000226","lv2-001","Ngày khai trường","Tôi vui thích thấy lại căn phòng rộng ở tầng dưới thông với bảy lớp học, mà suốt ba năm gần như ngày nào tôi cũng đi qua.","ngắt câu: tầng dưới thông, với bảy lớp học","dương"
"s000232","lv2-001","Ngày khai trường","Tôi trông thấy thầy hiệu trưởng, mà bộ râu hình như có bạc hơn năm ngoái một ít, đang bị vây giữa những bà mẹ khá phật ý vì không còn chỗ để cho con họ vào học nữa.","ngắt nhịp: mà bộ râu hình, như có bạc","dương"
"s000234","lv2-001","Ngày khai trường","Ở tầng dưới, học sinh chia xong vào các lớp, người ta thấy các em học những lớp vỡ lòng không chịu vào lớp, cứ đẩy nhau như những con lừa con; người ta phải lôi chúng vào; vài em bỏ chạy không chịu ngồi ghế, nhiều em khác òa lên khóc khi thấy bố mẹ ra về.","ngắt: các em học, những lớp vỡ lòng","dương"
"s000241","lv2-001","Ngày khai trường","Người thầy nhỏ nhắn đến nỗi làm cho chúng tôi cứ tưởng như là một người bạn.","ngắt: thầy nhỏ, nhắn","dương"
"s000283","lv2-002","Thầy giáo mới","Các con hãy tỏ ra cho thầy thấy là những đứa trẻ chân thành, dũng cảm.","ngắt: hãy tỏ ra cho thầy, thấy","dương"
"s000298","lv2-003","Một tai nạn","Tội nghiệp Rô-bét-ti!”.","Tên nên đọc là: Rô bét ti, ở đây đang đọc là Róp ti","dương"
"s000305","lv2-003","Một tai nạn","Cậu ta đang đi ở đường phố Dora Grossa để đến trường, thì thấy một em bé lớp sơ đẳng tuột khỏi tay mẹ và ngã xuống trước một chiếc xe chở khách đang chạy, chỉ cách xe có một bước.","câu này với câu sau sao lại tách ra rồi.","dương"
"s000308","lv2-003","Một tai nạn","Không may, bánh xe đè lên chân cậu bé quả cảm.","ngắt sai: bánh xe đè, lên chân. nó nên là: Không may, bánh xe đè lên chân cậu bé quả cảm.","dương"
"s000338","lv2-004","Cậu bé xứ Calabria","Nói xong, thầy Perboni đứng lên và chỉ trên bản đồ nước Ý treo ở tường cái điểm vẽ thành phố Reggio di Calabria.","ngắt: bản đồ nước Ý treo, ở tường. nên là bản đồ nước Ý treo ở tường","dương"
"s000345","lv2-004","Cậu bé xứ Calabria","Rồi ôm hôn cậu nồng nàn trên hai má!","ngắt: ôm hôn cậu nồng, nàn","dương"
"s000413","lv2-007","Cô giáo lớp một trên của tôi","Đã một năm rồi cô giáo mới lại đến đây, và tất cả mọi người trong nhà đều vui mừng đón tiếp cô.","ngắt: đã một năm, rồi -> đã một năm rồi,","dương"
"s000421","lv2-007","Cô giáo lớp một trên của tôi","Tôi tin chắc thế nào cô cũng đến nhà tôi, vì cô không bao giờ quên học trò cũ của cô; cô nhớ tên học trò, và những ngày thi cô đến thầy hiệu trưởng để xem họ được bao nhiêu điểm; cô còn đứng ngoài cửa phòng thi chờ họ ra và bảo họ đem cho cô đọc những bài làm, để xem họ có tiến bộ không.","ngắt: và những ngày thi cô, đến -> và những ngày thi, cô đến","dương"
"s000477","lv2-009","Trường học","Con hãy hình dung trong trí tưởng tượng những học sinh ấy đang đi trên những con đường ở nông thôn, trên những đường phố của các thành thị nhộn nhịp, dưới trời nắng gắt hay dưới tuyết rơi, đi thuyền ở những xứ dọc ngang kinh rạch, đi ngựa qua những cánh đồng rộng lớn, đi xe trượt trên mặt băng, qua các thung lũng và các đồi gò, qua rừng, qua suối, trên những đường mòn hẻo lánh băng qua núi, đi một mình, đi từng đôi hay từng tốp, thành hàng dài, tất cả đều cắp sách vở, mặc quần áo hàng nghìn kiểu, nói nhiều thứ tiếng khác nhau, từ ngôi trường xa xôi nhất khuất nẻo trong tuyết của nước Nga cho đến ngôi trường hẻo lánh nhất của đất Arabia núp dưới bóng cây cọ.","ngắt: dưới trời nắng, gắt -> dưới trời nắng gắt,","dương"
"s000538","lv2-012","Bạn Garrone của tôi","Cậu có một con dao chuôi nạm xà cừ cậu bắt được năm ngoái trên quảng trường Vũ khí; một hôm dùng dao, cậu bị khía một nhát sâu vào ngón tay, nhưng trong lớp chẳng ai hay biết gì cả, và về nhà cậu cũng chẳng nói một lời, để cho bố mẹ khỏi phải lo sợ.","ngắt: dao chuôi nạm xà, cừ -> chuôi nạm xà cừ","dương"
"s000576","lv2-014","Cô giáo của em trai tôi","Chúng tôi nghe cô kể chuyện thích quá và em trai tôi đã vui vẻ nuốt một chén thuốc đắng cho vừa lòng cô Delcati.","ngắt: chúng tôi nghe cô, kể chuyện thích quá -> bỏ phẩy đi","dương"
"s000585","lv2-014","Cô giáo của em trai tôi","Mùa hè chúng đem đến trường những con cánh cam bay vù vù, hay rơi vào lọ mực lấm bê bết rồi bò lên các trang vở vạch những vạch mực đen ngòm.","ngắt: hay rơi vào lọ, mực lấm bê bết -> hay rơi vào lọ mực, lấm bê bết","dương"
"s000600","lv2-014","Cô giáo của em trai tôi","Cứ sau hai năm trời hết lòng chăm nom những đứa trẻ mà mình thương yêu hết sức, rồi phải xa chúng, không gặp lại nữa!","ngắt: những đứa trẻ mà mình thương, yêu hết sức -> bỏ dấu phẩy","dương"
"s000618","lv2-015","Mẹ tôi","“Hãy nghĩ kỹ đến điều này, Enrico ạ: trong đời con sẽ có thể trải qua những ngày thật buồn thảm, nhưng ngày buồn thảm nhất tất sẽ là ngày mà con mất mẹ con.","sai chính tả: nhưng ngày buồn thảm nhất chứ ko phải là những ngày buổn nhất","dương"
"s000695","lv2-016","Bạn Coretti của tôi","Coretti chỉ cho tôi xem một cái khung nhỏ có lồng ảnh của bố cậu mặc quân phục, ngực lấp lánh chiếc Huân chương quân công, ông được tặng năm 1866 khi đang ở trung đoàn của thái tử Umberto.","câu này với câu sau bị tách sai","dương"
"s000819","lv2-021","Cậu bé trinh sát người Lombard","Đội ky binh do một sĩ quan và một hạ sĩ chỉ huy; họ nhìn xa ra phía trước, im lặng, sẵn sàng nhận ra ngay những bộ quân phục màu trắng của các đội tiền vệ quân thù xuất hiện.","ngắt: sẵn sàng nhận ra, ngay -> bỏ ngắt","dương"
"s000825","lv2-021","Cậu bé trinh sát người Lombard","Cậu mặc sơ mi và giữa hai tà áo lộ ra bộ ngực trần.","ngắt: giữa hai tà áo lộ, ra bộ ngực trần -> bỏ ngắt","dương"
"s000857","lv2-021","Cậu bé trinh sát người Lombard","Chỉ phút chốc cậu đã đến tận ngọn cây cao chót vót, đôi chân mất hút trong tán lá, nhưng để lộ cả đầu và ngực.","ngắt: chỉ phút chốc cậu, -> chỉ phút chốc, cậu","dương"
"s000862","lv2-021","Cậu bé trinh sát người Lombard","Để nhìn cho rõ, cậu bé buông tay phải đang vịn vào cành cây, đưa lên che trước mắt.","ngắt: cậu bé buông tay, phải đang vịn -> cậu bé buông tay phải đang vịn","dương"
"s000920","lv2-021","Cậu bé trinh sát người Lombard","Khi các sĩ quan dẫn đầu tiểu đoàn trông thấy thi hài nhỏ bé nằm dưới gốc cây tần bì, quấn trong lá cờ ba màu, thì họ tuốt gươm chào, và một người trong bọn họ cúi xuống bờ suối gần đó, hái hoa rắc lên mình cậu bé.","ngắt: thi hài nhỏ, bé -> bỏ ngắt","dương"
"s000934","lv2-022","Những người nghèo khổ","Nghe mẹ bảo con ạ, đừng quen thói dửng dưng đi qua trước người nghèo khổ ngửa tay xin mình giúp đỡ và hơn nữa trước một người mẹ xin một xu cho con mình.","ngắt: người nghèo, khổ -> người nghèo khổ ngửa tay","dương"
"s000939","lv2-022","Những người nghèo khổ","Đối với mẹ hình như lời cầu chúc ấy phải bảo vệ cho tất cả những người thân yêu của mẹ, và mẹ về nhà càng vui lòng hơn và tự nhủ: “Người nghèo khổ này đã trả lại cho mình nhiều hơn mình đã cho họ nhiều”.","ngắt: đối với mẹ hình, như lời cầu chúc -> đối với mẹ, hình như lời cầu chúc","dương"
"s000957","lv2-023","Anh chàng kinh doanh","Nhỡ một đồng xu từ túi cậu rơi xuống gầm ghế, thì cậu ta có thể tìm suốt mấy giờ liền cho kỳ được.","ngắt: suốt mấy giờ, liền cho kì được -> suốt mấy giờ liền, cho kì được","dương"
"s000979","lv2-024","Tính khoe khoang","Đi qua phố Dora Grossa, chúng tôi trông thấy Stardi đang lấy chân đá những bạn không may làm vướng nó.","ngắt: lấy chân đá, những bạn không may làm vướng nó -> lấy chân đá những bạn, không may làm vướng nó","dương"
"s000985","lv2-024","Tính khoe khoang","Sau khi chạy một hồi trên đường cái bỏ rất xa ông Votini đang đi thong thả ở đằng sau, chúng tôi dừng lại trước một cái ghế đá, cạnh một cậu bé ăn mặc giản dị, có vẻ mệt, và đang ngồi nghỉ, đầu cúi xuống.","ngắt: trên đường cái bỏ, rất xa ông Votini -> trên đường cái, bỏ rất xa ông Votini","dương"
"s000986","lv2-024","Tính khoe khoang","Một người lớn, cô lẽ là bố cậu bé, vừa đi đi lại lại vừa đọc báo dưới bóng cây.","ngắt: vừa đi, đi lại lại -> vừa đi đi lại lại, vừa ","dương"
"s000994","lv2-024","Tính khoe khoang","Anh chàng bên quay quay cái mũ dạ trắng đẹp của mình trên đầu ngón tay.","ngắt: anh chàng bên quay, quay cái mũ -> anh chàng bên, quay quay ","dương"
"s001024","lv2-025","Tuyết đầu mùa","Cậu bé người","ngắt câu sai","dương"
"s001039","lv2-026","Cậu bé thợ nề","Vừa bước vào nhà cậu đã bỏ cái mũ lưỡi trai bị tuyết làm ướt sũng, và đút vào túi, rồi bước tới với cái dáng điệu chậm chạp của người thợ mệt nhọc, quay sang bên này lại sang bên kia cái mặt tròn như quả táo, với cái mũi tẹt.","ngắt: vừa bước vào nhà cậu, đã bỏ -> vừa bước vào nhà, cậu đã bỏ","dương"
"s001173","lv2-030","Cậu bé viết thuê người Phi-ren-giơ","Ông tuổi đã cao và lao động quá sức lại càng làm ông già đi nhiều so với tuổi.","ngắt: làm, ông già, đi nhiều, so với tuổi -> ông già đi nhiều, so với tuổi","dương"
"s001175","lv2-030","Cậu bé viết thuê người Phi-ren-giơ","Sau cùng, ông nhận của một nhà xuất bản sách báo việc viết tên và địa chỉ của những người mua sách, báo dài hạn lên những băng giấy để gửi đi.","ngắt: nên ngắt sau dài hạn -> sách, báo dài hạn, lên","dương"
"s001189","lv2-030","Cậu bé viết thuê người Phi-ren-giơ","Một đêm, chờ cho bố ngủ yên, cậu trở dậy, lặng lẽ mặc áo, rón rén mò vào phòng làm việc của bố, thắp đèn lên, lại ngồi vào bàn giấy trước một chồng băng còn trắng nguyên và bản danh sách người mua báo; rồi cậu bắt đầu viết, bắt chước y hệt nét chữ của bố.","ngắt: một chồng băng, còn trắng nguyên và bản -> một chồng băng còn trắng nguyên, và một bản","dương"
"s001206","lv2-030","Cậu bé viết thuê người Phi-ren-giơ","Nửa đêm hôm sau Giulio lại dậy làm việc.","ngắt: nửa đêm hôm, sau Giulio -> nửa đêm hôm sau, Giulio","dương"
"s001227","lv2-030","Cậu bé viết thuê người Phi-ren-giơ","Và vừa nói, ông vừa lấy trong túi ra một gói kẹo ông đã mua để cùng các con ăn mừng khoản tiền thu trội ấy.","ngắt: một gói kẹo ông, đã mua để -> một gói kẹo ông đã mua, để","dương"
"s001237","lv2-030","Cậu bé viết thuê người Phi-ren-giơ","Nhưng mệt nhọc chồng chất thêm vào mệt nhọc, càng ngày cậu càng khó mà chống chọi nổi.","ngắt: càng ngày cậu càng khó, mà chống -> bỏ ngắt đi","dương"
"s001259","lv2-030","Cậu bé viết thuê người Phi-ren-giơ","Điều quan trọng là giúp bố kiếm ăn và làm nhẹ bớt nỗi mệt nhọc đang làm bố chết dần, chết mòn”.","ngắt: và làm nhẹ, bớt nỗi -> làm nhẹ bớt nỗi mệt nhọc","dương"
"s001293","lv2-030","Cậu bé viết thuê người Phi-ren-giơ","Tất nhiên không phải bố sẽ bắt được cậu đang làm một việc gì xấu xa, chính cậu cũng quyết nói hết ra với bố, tuy vậy… nghe tiếng chân của bố trong đêm tối, bị bắt gặp bất ngờ trong đêm hôm khuya khoắt như thế này, trong cảnh vắng lặng như thế này?","bị lặp trong cảnh vắng lặng như thế này 2 lần","dương"
"s001321","lv2-031","Nghị lực","Tôi tin chắc rằng bạn cùng lớp với tôi là Stardi có đủ can đảm để làm như cậu bé thành Phi-ren-giơ.","ngắt: cậu bé thành phi, ren giơ -> đọc liền, bỏ ngắt","dương"
